<?xml version="1.0" encoding="utf-8"?>
<Dependencies>
  <ProductDependencies>
    <Dependency Name="Microsoft.SymbolUploader.Build.Task" Version="1.1.145102">
      <Uri>https://dev.azure.com/dnceng/internal/_git/dotnet-symuploader</Uri>
      <Sha>9bdfdb0af37d2e93bdecf238a8a51c0a965444d6</Sha>
    </Dependency>
  </ProductDependencies>
  <ToolsetDependencies>
    <Dependency Name="Microsoft.DotNet.Arcade.Sdk" Version="5.0.0-beta.22506.2">
      <Uri>https://github.com/dotnet/arcade</Uri>
      <Sha>09c06ff884d0e3e64114d5b973ce6514045d4fcd</Sha>
    </Dependency>
    <Dependency Name="Microsoft.DotNet.Build.Tasks.Feed" Version="5.0.0-beta.22506.2">
      <Uri>https://github.com/dotnet/arcade</Uri>
      <Sha>09c06ff884d0e3e64114d5b973ce6514045d4fcd</Sha>
    </Dependency>
    <Dependency Name="Microsoft.DotNet.SignTool" Version="5.0.0-beta.22506.2">
      <Uri>https://github.com/dotnet/arcade</Uri>
      <Sha>09c06ff884d0e3e64114d5b973ce6514045d4fcd</Sha>
    </Dependency>
    <Dependency Name="Microsoft.DotNet.Helix.Sdk" Version="5.0.0-beta.22506.2">
      <Uri>https://github.com/dotnet/arcade</Uri>
      <Sha>09c06ff884d0e3e64114d5b973ce6514045d4fcd</Sha>
    </Dependency>
    <Dependency Name="Microsoft.DotNet.SwaggerGenerator.MSBuild" Version="5.0.0-beta.22506.2">
      <Uri>https://github.com/dotnet/arcade</Uri>
      <Sha>09c06ff884d0e3e64114d5b973ce6514045d4fcd</Sha>
    </Dependency>
    <Dependency Name="Microsoft.DotNet.Maestro.Client" Version="1.1.0-beta.20258.6">
      <Uri>https://github.com/dotnet/arcade-services</Uri>
      <Sha>869869342f1ec338de96adcea6e003b61f195256</Sha>
    </Dependency>
    <Dependency Name="Microsoft.DotNet.Maestro.Tasks" Version="1.1.0-beta.20461.2">
      <Uri>https://github.com/dotnet/arcade-services</Uri>
      <Sha>592654f4a6855d7738a7c7c780355ac54457fdae</Sha>
    </Dependency>
    <Dependency Name="Microsoft.DotNet.XHarness.CLI" Version="1.0.0-prerelease.20505.1">
      <Uri>https://github.com/dotnet/xharness</Uri>
      <Sha>66955fe68fa15cddf6def2a93239d01a5d90b514</Sha>
    </Dependency>
    <Dependency Name="Microsoft.Net.Compilers.Toolset" Version="3.8.0-4.20503.2">
      <Uri>https://github.com/dotnet/roslyn</Uri>
      <Sha>75d31ee941ce4dbbe5752f4ac2d5c0583f388a27</Sha>
    </Dependency>
    <Dependency Name="Microsoft.SourceLink.GitHub" Version="1.1.0-beta-20476-01">
      <Uri>https://github.com/dotnet/sourcelink</Uri>
      <Sha>81357f3e90241d3b262289b1ffa285c9ba51d335</Sha>
    </Dependency>
    <Dependency Name="Microsoft.SourceLink.AzureRepos.Git" Version="1.1.0-beta-20476-01">
      <Uri>https://github.com/dotnet/sourcelink</Uri>
      <Sha>81357f3e90241d3b262289b1ffa285c9ba51d335</Sha>
    </Dependency>
    <Dependency Name="Microsoft.DiaSymReader.Pdb2Pdb" Version="1.1.0-beta2-19575-01">
      <Uri>https://github.com/dotnet/symreader-converter</Uri>
      <Sha>c5ba7c88f92e2dde156c324a8c8edc04d9fa4fe0</Sha>
    </Dependency>
    <Dependency Name="Microsoft.DiaSymReader.Converter" Version="1.1.0-beta2-19575-01">
      <Uri>https://github.com/dotnet/symreader-converter</Uri>
      <Sha>c5ba7c88f92e2dde156c324a8c8edc04d9fa4fe0</Sha>
    </Dependency>
    <Dependency Name="XliffTasks" Version="1.0.0-beta.20502.2">
      <Uri>https://github.com/dotnet/xliff-tasks</Uri>
      <Sha>d2bec3a64076f8463de4756913712badfce0a01d</Sha>
    </Dependency>
  </ToolsetDependencies>
</Dependencies>
